<?xml version="1.0" encoding="UTF-8"?>
<!DOCTYPE mapper
PUBLIC "-//mybatis.org/DTD Mapper 3.0//EN"
"http://mybatis.org/dtd/mybatis-3-mapper.dtd">
<mapper namespace="com.dao.CartDao">
<!-- 1.이 맵퍼를 사용할 인터페이스 위치를 설정해준다 
     2.인서트 딜리트 업데이트는 나한테 주는 값은 없다.근데 인서트 실행 후 
     그 값에 대한 정보를 알고싶을 때 selectkey사용한다.
     인서트하면 그 함수들을 void했는데 값을 입력 후 public int 함수로 실행 한후
     값을 넣은 후 다시 나한테 보여주도록 하는 기능 
     비즈에서 인서트 한후 그 키값을 가져와서 다시 인서트 할 수 있다.
     주문이 일어나면 주문원장이 인서트 되고 그 원장의 키값을 통해 다시 값을 인서트 할 수 있다.
-->	

	
	
	<insert id="insert" parameterType="cart">
		INSERT INTO CART VALUES (C_SEQ.NEXTVAL,#{customer_id},#{menu_code},#{cart_stock},SYSDATE,#{menu_name},#{menu_price})	
	</insert>
	
	<update id="update" parameterType="cart">
		UPDATE CART SET CUSTOMER_ID=#{customer_id},MENU_CODE=#{menu_code},CART_STOCK=#{cart_stock},MENU_NAME={menu_name},MENU_PRICE={menu_price} WHERE CART_CODE=#{cart_code}
	</update>
	
	<delete id="delete" parameterType="String">
		DELETE FROM CART WHERE ID=#{obj}
	</delete>
	
	<select id="select" parameterType="String" 
	resultType="cart">
		SELECT * FROM CART WHERE ID=#{obj}	
	</select>
	
	<select id="selectall" resultType="cart">
		SELECT * FROM CART 
	</select>
	
	<!--  <update id="setcnt" parameterType="Integer">
		UPDATE CONTENTS SET CNT=CNT+1 WHERE ID=#{k}
	</update>
	
	<select id="search" parameterType="java.util.HashMap"
		resultType="contents">
		<![CDATA[
		SELECT*FROM CONTENTS WHERE
		CNT >= #{start} 
		AND CNT<=#{end}
		]]>
	</select>
	-->
</mapper>






















