<?xml version="1.0" encoding="UTF-8"?>
<!DOCTYPE mapper
PUBLIC "-//mybatis.org/DTD Mapper 3.0//EN"
"http://mybatis.org/dtd/mybatis-3-mapper.dtd">
<mapper namespace="com.dao.MenuDao">
<!-- 1.이 맵퍼를 사용할 인터페이스 위치를 설정해준다 
     2.인서트 딜리트 업데이트는 나한테 주는 값은 없다.근데 인서트 실행 후 
     그 값에 대한 정보를 알고싶을 때 selectkey사용한다.
     인서트하면 그 함수들을 void했는데 값을 입력 후 public int 함수로 실행 한후
     값을 넣은 후 다시 나한테 보여주도록 하는 기능 
     비즈에서 인서트 한후 그 키값을 가져와서 다시 인서트 할 수 있다.
     주문이 일어나면 주문원장이 인서트 되고 그 원장의 키값을 통해 다시 값을 인서트 할 수 있다.
-->	

	
	
	<insert id="insert" parameterType="menu">
		INSERT INTO MENU VALUES (M_SEQ.NEXTVAL,#{name},#{price},#{stock},#{img1},#{img2},#{img3},#{category},SYSDATE)	
	</insert>
	
	<update id="update" parameterType="menu">
		UPDATE MENU SET NAME=#{name},PRICE=#{price},STOCK=#{stock},IMG=#{img1},IMG=#{img2},IMG=#{img3},CATEGPRY=#{category} WHERE MENU_CODE=#{menu_code}
	</update>
	
	<delete id="delete" parameterType="String">
		DELETE FROM MENU WHERE ID=#{obj}
	</delete>
	
	<select id="select" parameterType="String" 
	resultType="menu">
		SELECT * FROM MENU WHERE ID=#{obj}	
	</select>
	
	<select id="selectall" resultType="menu">
		SELECT * FROM MENU 
	</select>
	
	<!--  <update id="setcnt" parameterType="Integer">
		UPDATE CONTENTS SET CNT=CNT+1 WHERE ID=#{k}
	</update>
	
	<select id="search" parameterType="java.util.HashMap"
		resultType="contents">
		<![CDATA[
		SELECT*FROM CONTENTS WHERE
		CNT >= #{start} 
		AND CNT<=#{end}
		]]>
	</select>
	-->
</mapper>






















