<?xml version="1.0" encoding="UTF-8"?>
<beans xmlns="http://www.springframework.org/schema/beans"
	xmlns:xsi="http://www.w3.org/2001/XMLSchema-instance"
	xmlns:aop="http://www.springframework.org/schema/aop"
	xmlns:context="http://www.springframework.org/schema/context"
	xmlns:p="http://www.springframework.org/schema/p"
	xmlns:tx="http://www.springframework.org/schema/tx"
	xsi:schemaLocation="http://www.springframework.org/schema/beans http://www.springframework.org/schema/beans/spring-beans.xsd
		http://www.springframework.org/schema/aop http://www.springframework.org/schema/aop/spring-aop-4.2.xsd
		http://www.springframework.org/schema/context http://www.springframework.org/schema/context/spring-context-4.2.xsd
		http://www.springframework.org/schema/tx http://www.springframework.org/schema/tx/spring-tx-4.2.xsd">

  <context:component-scan base-package="com"></context:component-scan>
  <aop:aspectj-autoproxy> </aop:aspectj-autoproxy>
  <tx:annotation-driven transaction-manager="txManager"/>

   <!-- 1. Database Setting -->
	 
 	<bean id="dataSource" class="org.springframework.jdbc.datasource.DriverManagerDataSource">
 		<property name="driverClassName" value="oracle.jdbc.driver.OracleDriver"/>
 		<property name="url" value="jdbc:oracle:thin:@192.168.0.13:1521:xe"/>
 		<property name="username" value="db"/>
 		<property name="password" value="db"/>
 	</bean>
 	
 	<!-- 2. Transaction Setting -->
 	<bean id="txManager" class="org.springframework.jdbc.datasource.DataSourceTransactionManager">
 		<property name="dataSource" ref="dataSource"/>
 	</bean>
 	
 	
	 <!-- 3. MyBatis Setting -->
 	<bean id="sqlSessionFactory" class="org.mybatis.spring.SqlSessionFactoryBean">
 		<property name="dataSource" ref="dataSource"/>
 		<property name="configLocation" value="classpath:com/mybatis/mybatis.xml"/>
 		</bean>
 		<!-- 4. Spring Mybatis Connect -->
 		
 	<bean id="sqlSessionTemplate" class="org.mybatis.spring.SqlSessionTemplate">
 		<constructor-arg ref="sqlSessionFactory"/>
 	</bean>
 	
 	<!-- 5. Mapper Setting -->
 	<bean class="org.mybatis.spring.mapper.MapperScannerConfigurer">
 		<property name="basePackage" value="com.dao"/>
 	</bean>
 		
</beans>
